token,size,bought,sold,sold_pct,holds,holds_pct_circ,launch_wallets,first_block,venues,links,sample
gVLAD,34,26865305.392551467,21400549.238504246,0.7965868589916588,5253800.955488859,0.0052961703180331235,34,74894258.0,Bots / Direct,"same-block,transfer","['0x12e7181b9307eadb25fc2898d717d6752c60156c', '0x169465887d34d1026cab1146878bd59d93ca3f3d', '0x1a8e9c30298ef469ef2a72d8d03007ccf6a88ba8']"
gVLAD,8,30698217.688030414,12683796.696179003,0.41317697415132215,18014420.99185141,0.018159698580495376,8,74894351.0,Bots / Direct,same-block,"['0x11c17f281c26c04ef1710b611d016bc628865c51', '0x2c052d73e0acb60d83bdbf5118976ad0e4092cd1', '0x394f6b5679c1a6d2320ad91631823f29fcfb85da']"
gVLAD,8,25867600.967708334,25867600.967708334,1.0,0.0,0.0,8,74895152.0,Unknown App G,same-block,"['0x06ce2063f6e7d88621fdaf6dcc14d4103da7adeb', '0x5e9fbf93be19b9ae6f9312541d989a887234f0af', '0xa57c277ddbc97218def446dab440f31105f573ea']"
gVLAD,8,4570872.067545969,1326556.398537326,0.290219542121102,10679906.50253307,0.010766034780779305,1,74895823.0,0x API (Matcha/Rabby),multi-wallet-tx,"['0x228a46a29b37e488fd5d17510eda895c5efbe7e1', '0x5cd93ecae546f29cfbf0d9ccf80e5828a0af3c9c', '0x6aa80dbbed9ae5ab45fbf61f9644fada3b29326e']"
gVLAD,6,3247168.4174279026,3247168.4174279026,1.0,0.0,0.0,6,74894986.0,Unknown App G,same-block,"['0x29935ef1417e1c3b1fec68dd666ea9baac31d4ed', '0x7253da84bde72dfbfa290ee834d9181b0cb9561b', '0x88669768e431ad1e6861982309cc694ced330903']"
gVLAD,6,16578222.973910764,16578222.973910764,1.0,0.0,0.0,6,74895089.0,Unknown App G,same-block,"['0x5d658cc6dad45dab4af9651101e314bca7c1f2ab', '0x9376e2e535b4056622055012bea0bd8a9fecc013', '0xba0fa68cf99b4140ac06b16c220f185238b7fb73']"
gVLAD,5,8546555.393474994,1826702.9981069383,0.21373558281755994,6817603.115441418,0.0068725837857272366,5,74894245.0,Bots / Direct,"same-block,transfer","['0x1108db974378d5bc1010003b026408fc1788870e', '0x23741bc1f97c8aa9bb60a8ace9e41e4ab5c22988', '0x8bd02c669cf57523a42d8b7dd0da321ac9a686aa']"
gVLAD,5,63323997.07574566,43328507.59403323,0.6842351966854743,17823220.97130984,0.017966956624304274,4,74894244.0,"Uniswap App,Unknown App G","same-block,transfer","['0x20c8a980bbbc000f6e9d579a32ab0d15e9b4b26a', '0x25ecc07505a065f5e44141f917a648342c0c42da', '0x47e12c25eb04beb98b35d33f12a03041b13a901f']"
gSPEED,26,248.82534861459897,285.8914941616408,1.148964507649311,1.7733193618832355,8.86659680941618e-05,0,,,"multi-wallet-tx,transfer","['0x04e72fbaeebced7d3fc2b302cfccbd0eed3c1696', '0x057fb5b710c66c78b7efd55281a9132bbf4a6e1b', '0x10967b827afe636778421e7d4e974c0acf0db8dc']"
gSPEED,22,2820.393088810173,2045.849505211981,0.7253774352691577,1001.9647554508431,0.050098237772542166,0,,,"multi-wallet-tx,transfer","['0x0da7b4bf9fff43059e403ac63caa54d70abd8fd2', '0x119c3c7221e6e2bc659004c0c34a99e786b55856', '0x14c5100481fee08d497e07397df2f435f648c4b5']"
gSPEED,8,134.9196363256775,148.00423703292768,1.096980699500744,0.09916680052191698,4.95834002609585e-06,0,,,multi-wallet-tx,"['0x1111110f0f73c0b2ef09ec012eae758b3e03a902', '0x16a8b50e1b18e3fa0bb418671d59df1f417440f3', '0x4f82e73edb06d29ff62c91ec8f5ff06571bdeb29']"
gSPEED,4,432.87315156660287,432.8731515666028,0.9999999999999999,0.0,0.0,4,46567527.0,GMGN,same-block,"['0xd0f24f0cd8fa2fab795257127127fe4e622e3e7b', '0xeeb88de8b69a0d322fefa1a982a2106087cf8f2d', '0xf6f318f1eecfb96dd6e99e1ac8c398ed701c2874']"
gSPEED,4,544.9017651192803,544.9017651192803,1.0,0.0,0.0,0,,,"multi-wallet-tx,transfer","['0x42e6871a7c07aca192de0474768a26aeb3875a58', '0x5670ef876e36ed0562f651c5738a091c289b900b', '0xc42bc595e9eea8bf1f5f0ed880f2adec00a221a2']"
gSPEED,4,2665.053583920412,2626.413630785253,0.9855012471913162,0.0,0.0,1,46567516.0,Uniswap App,transfer,"['0x1224ef6405b42bb269d860fede4639d37c976fbd', '0x178f4d109e7e9ab643283e6c89694129314896fb', '0x9a2d48db7fddee801658ffa3fcbcd24926c029f4']"
gSPEED,4,779.8718379890014,604.7236220770094,0.7754141034716243,156.88729991247024,0.007844364995623514,0,,,transfer,"['0x453bc807bd51a4f62401fc599583422a2404736a', '0x5897c4414a49eb9d754eea66d776c9f51ecae7e2', '0x5b899f5bd0ad9773ca7e7d73d787bb776f7c4d6e']"
gSPEED,4,0.3807770631286751,4.471923961541709,11.744205191347154,0.0,0.0,0,,,transfer,"['0x09ad820aac5779683b481c4674208a4e1b024afa', '0x20f6ee51340adeed01a59b0e65cb3703f3dc860c', '0xbd4734584862d13c303296355df23d9f4b5cf5bb']"
gJENSEN,30,5080104.275841434,5080104.275841434,1.0,0.0,0.0,30,63799355.0,Unknown App G,same-block,"['0x00f58f91febe009329df2a115ccb0c2b1a731433', '0x05ecde3dab8971a81137d3c31e0c6ad984c36d97', '0x11633a342e232ddbbca7877bf2f2a8ff0ed9506d']"
gJENSEN,13,2145048.0656870846,2145048.0656870846,1.0,0.0,0.0,13,63799356.0,Unknown App G,same-block,"['0x1e2d8a984bd0dbfcafd0f8607fab7cc5f5106197', '0x22ba22fdb707e983bdf5756c46e36b96389f61be', '0x391e72f13aa76dd1822eccbe21e500bb5e4cd99d']"
gJENSEN,8,1005405.6397331716,20336.493812330813,0.02022715310979158,83750.20999770425,0.0001675004199954085,0,,,multi-wallet-tx,"['0x061600d3515b387d562504eed5a1a485f9ae0ee4', '0x2cffed5d56eb6a17662756ca0fdf350e732c9818', '0x4459ce41e49ad91e3a6186be19d400f5ea0c58f0']"
gJENSEN,7,7036387.924933281,7036387.924933281,1.0,0.0,0.0,7,63797333.0,Unknown App G,same-block,"['0x414cdef4a0022e217b656116c82fc22be6308eac', '0x5891c226e5a4cd0776fac91ce78c41cb2e353edb', '0x933ccb4131ab51597c05fdb498bb43097cfbeba4']"
gJENSEN,6,8913804.106413715,8913804.106413715,1.0,0.0,0.0,0,,,transfer,"['0x30c6d7b8bde9f5a9db2a8457167195fd2ea28a52', '0x698b76fa77ab2459632b3d97908be2a8a709d5ba', '0x7c2420419926e008b3c8a2ba57e329e1ab680f24']"
gJENSEN,5,10411776.836399782,1731498.2323514712,0.16630189635818146,9555246.07926615,0.019110492158532298,0,,,"multi-wallet-tx,transfer","['0x14c5100481fee08d497e07397df2f435f648c4b5', '0x3d88e544492f842a90046cbf37d689b331af6e6c', '0x94fb21bbfaed8927570a2d41af0c21527efbfd81']"
gJENSEN,5,20546.75878245518,496352.03849299584,24.157194025017194,26622.164745194837,5.324432949038968e-05,0,,,multi-wallet-tx,"['0x1111110f0f73c0b2ef09ec012eae758b3e03a902', '0x1111115af63bfbcc151e5753e2ea1a29c79d2f01', '0x79ebca30ef2cab9879dd85735ae44bf650a4d527']"
gJENSEN,5,5244802.166711362,5244802.166711362,1.0,0.0,0.0,0,,,"multi-wallet-tx,transfer","['0x00ecc3b50bbb10383faaa194ffaec7eb9aac2d7f', '0x50f5ea2395c7086d2e0504c0860365495fac8ad0', '0x84a9d7f450d3fa953693967b8032d6c8f6d66ba7']"
gELON,10,5025.165953040233,5007.2062662570725,0.9964260510098587,7.293090306176034,7.293090306176033e-05,8,47111562.0,Sigma,"same-block,transfer","['0x07fa79c3b8068b715b88553f6242dfb53c03249a', '0x14990d561eb7188eb162adac239290bdbbf01dea', '0x439a567dd748fead41d370c0617ffa4a49ee48bc']"
gELON,7,241.56164418448776,237.40468564325525,0.9827913137647891,10.990209831822018,0.00010990209831822018,0,,,"multi-wallet-tx,transfer","['0x1111110f0f73c0b2ef09ec012eae758b3e03a902', '0x58478dd186cbd8e14f4ac239eaf2d0a98b35c786', '0x7e0b457143355a43a297422ec0c3852dd8ae1751']"
gELON,5,2981.476432454913,3081.476432454913,1.0335404294702613,0.0,0.0,5,47111563.0,BasedBot,same-block,"['0x47282f17e6c6647785581018b73791135ac83695', '0x668fc39656a1de8f9349d5c249454a6b8467d1a1', '0x7f623151a08732c37b3fc37670ae679cd80ceeb1']"
gELON,4,7087.614330510617,7087.614330510617,1.0,0.0,0.0,4,47111586.0,GMGN,same-block,"['0x384ae626edebf8cda08b8fb330e3b9e4ee75705d', '0x6895a637f8940d8bf67d16f0cb3df2ba8736949a', '0x9f8bd2da621124f24c5f511a8fc30e73d9a6c086']"
gELON,4,62.00868715411668,7.772417327224893,0.12534400716962918,1.220844466872765,1.220844466872765e-05,0,,,"multi-wallet-tx,transfer","['0x09ad820aac5779683b481c4674208a4e1b024afa', '0x20f6ee51340adeed01a59b0e65cb3703f3dc860c', '0x7e86f7d313d58762d89b87caa87315f54865f2f5']"
gELON,4,1580.2337440060846,1591.9285757034897,1.0074006973599723,0.18784198267363195,1.8784198267363194e-06,1,47111669.0,BasedBot,transfer,"['0x2398e6edb795ea753e487930202d9fcd82111614', '0x9f63db22d8bdb8ec90cc6370229b1be6df9f4444', '0xc41edaa4be17025b18fa0c384c94ff0e0c4d148c']"
gELON,4,91.95721853503765,791.9572185350377,8.612235462877612,0.0,0.0,1,47111576.0,OKX Wallet,transfer,"['0x1804b142faeabbf08ecf4ff3843223b8d239f4ae', '0x3c4113b60a5a8bc5b5939379b223331a55624afc', '0x7a02aecf045689120e79b89777a5d882fa3f13f8']"
gELON,4,5881.117623879377,2278.262694650103,0.38738601067925704,3576.56198298651,0.0357656198298651,0,,,transfer,"['0x4603fe6e2382da1bbfbb97e930d609524e3537d5', '0x59ee3ef8e198c2205abe8dcf0b3d1c12886acb11', '0xe7b696dcb50c12c9d107a9d2f99ee35cfbdc7260']"
gVITALIK,16,1798.8024884351482,1798.8024884351482,1.0,0.0,0.0,16,50570638.0,GMGN,same-block,"['0x05ecde3dab8971a81137d3c31e0c6ad984c36d97', '0x1303db2ebcec8ebe990989f99b94ef081507e753', '0x1d3ec927cc89557d7854f616e3cc964439bfdb26']"
gVITALIK,7,5722.812207638231,5722.812207638231,1.0,0.0,0.0,7,50570490.0,Bots / Direct,same-block,"['0x07fa79c3b8068b715b88553f6242dfb53c03249a', '0x1057cf55ed29f7617f0769f3a59eefb331b427ad', '0x88d450c85db85e16385ed10db2f34746b4bbbb4f']"
gVITALIK,5,339.78005334118285,584.9229103411828,1.7214751265985737,0.0,0.0,5,50570491.0,Bots / Direct,same-block,"['0x1e81b7e35ab9255ea073aa6c15f4b9dda10f93b3', '0x2825cdb4a71ac7942da889f1ff72d536a8209343', '0x587f88d58cc01ffdca4a618570c78da823d56dbc']"
gVITALIK,5,1055.4674089964815,0.0,0.0,2255.7566803234695,0.022557566803234695,0,,,"multi-wallet-tx,transfer","['0x7ed482272e67d8149ce775aaa6ca128da2579552', '0x94fb21bbfaed8927570a2d41af0c21527efbfd81', '0xa2fe8e38a14cf7beece22ae71e951f78ce233643']"
gVITALIK,4,951.7546336982796,951.7546336982796,1.0,0.0,0.0,4,50570513.0,GMGN,same-block,"['0x0056ab399897fc4d555ef7da974625dece281258', '0x009044a477df4dcfc3ca64b150e3d9af325296ed', '0x66559a5f4b2ba7b704c49d59d31af6740c453d46']"
gVITALIK,4,118.91262981689624,777.7360000000001,6.540398620378438,679.1326234404391,0.006791326234404391,0,,,transfer,"['0x453bc807bd51a4f62401fc599583422a2404736a', '0x5897c4414a49eb9d754eea66d776c9f51ecae7e2', '0x5b899f5bd0ad9773ca7e7d73d787bb776f7c4d6e']"
gVITALIK,3,739.036688756285,739.036688756285,1.0,0.0,0.0,3,50570495.0,Unknown App E,same-block,"['0x506a4dc75bf8cc1af2c74328c584be62bbe62ca1', '0x7ca0e79e843fb4827b19c9edef327b2d3db557fb', '0xa6735bb37672908c2c5e57a52682898d4612838f']"
gVITALIK,3,202.96527616118115,202.96527616118115,1.0,0.0,0.0,3,50570503.0,GMGN,same-block,"['0x632341a78c355b164e702261454aaacad1a35147', '0xa263b9fa31820028e986830506712f8016c016f9', '0xb403c828fd9832b2bb9646dccfe6b30f3baa0231']"
