wallet,tokens_sniped,symbols,snipe_spend,pnl,realized,sold_24h,same_block,min_delta_min,venues,tag,primary_venue,volume,total_pnl
0xca241cba64ad1fc04222df10fc041c05868fba95,7,"gALLEN,gCOOP,gJENSEN,gKAI,gKIRK,gVITALIK,gVLAD",681.2529666354493,2123.360861182192,2135.1054014074875,7,5,0.0,"Bots / Direct,Sigma",Serial sniper,BasedBot,17907.568617662102,7498.247983429904
0x07fa79c3b8068b715b88553f6242dfb53c03249a,6,"gELON,gKIRK,gMESSI,gPULI,gRONALDO,gVITALIK",6287.607671,10766.557952150237,10766.557952150237,6,4,0.0,"Bots / Direct,Sigma",Serial sniper,Sigma,26519.216993000002,10985.627797150237
0x587f88d58cc01ffdca4a618570c78da823d56dbc,5,"gELON,gKAI,gKIRK,gRONALDO,gVITALIK",310.571516,1536.236628725967,1536.068725545598,4,0,0.03333333333333333,"Bots / Direct,Sigma",Serial sniper,Sigma,6185.024496058967,2591.882686614428
0xa0441b04a77ad6eb3f93fce61d42d8bd81f78043,5,"gELON,gKAI,gKIRK,gMESSI,gRONALDO",1600.0,10165.974736093114,10017.184646912276,5,4,0.0,Bots / Direct,Serial sniper,Grail,18925.92268237702,10237.615021195228
0x47e12c25eb04beb98b35d33f12a03041b13a901f,4,"gALLEN,gCOOP,gVITALIK,gVLAD",11731.781909711874,10878.610781110729,10043.323220359012,4,3,0.0,"Other / Unknown,Uniswap App",Serial sniper,OKX Wallet,36432.69088340856,12508.982803905837
0x88ca54eab452e87c5a3db995e7451416760d47ce,4,"gALLEN,gCOOP,gELON,gKIRK",80.0,6.797168000000001,6.797168000000001,0,2,0.0,Uniswap App,Serial sniper,Grail,176.72125572656344,1.242814006839052
0xb1c9c618f172669f6287cfbb026d0b2ddd3cd5c7,4,"gCOOP,gELON,gVITALIK,gVLAD",45.57317804548317,142.17487900645855,142.17487900645855,4,0,0.016666666666666666,"BasedBot,Bots / Direct",Serial sniper,BasedBot,1385.5406060974249,373.2405281195905
0xeb0f9a96ea7d3e45daf53ed2ffee3e19d26cc594,4,"gELON,gKIRK,gRONALDO,gVLAD",733.9496301268794,1908.898705098075,1908.898705098075,4,0,0.016666666666666666,"Bots / Direct,Sigma",Serial sniper,Sigma,4362.039138672235,1908.898705098075
0xd028b1f8a2e842a1e403d29e7a5f6dab368e3733,4,"gELON,gKAI,gVITALIK,gVLAD",1413.462210937537,1165.4407933436976,1191.264118095175,3,2,0.0,"Bots / Direct,Sigma",Serial sniper,BasedBot,4786.652108253361,801.1019576774073
0x61ef23e677afd042b34605a9c08fc806ac974703,4,"gBRUN,gMESSI,gMONK,gSPEED",165.0,1764.4653195447654,1688.502918505055,3,3,0.0,Uniswap App,Serial sniper,Grail,2923.1788109999998,2226.934329850671
0x6e43e084d5776f94552f4dd3b8a2a886fe394dee,3,"gALLEN,gVITALIK,gVLAD",399.13853946800566,281.269332310982,281.439402353169,3,2,0.0,"Bots / Direct,Uniswap App",Serial sniper,0x API (Matcha/Rabby),2044.1088605499708,255.78515631098205
0x668fc39656a1de8f9349d5c249454a6b8467d1a1,3,"gCOOP,gELON,gVLAD",2414.289536089965,3850.783889959437,4047.109384677661,3,0,0.03333333333333333,"BasedBot,Bots / Direct",Serial sniper,BasedBot,13966.674555034582,3677.582907959437
0xb52d992b81b72e216c8a6e19b6d211683168e570,3,"gMESSI,gRONALDO,gVLAD",244.8626594066864,154.66391109316643,154.66391109316643,2,0,0.016666666666666666,"BasedBot,Bots / Direct",Serial sniper,BasedBot,9576.284612905129,1923.0804167965384
0x7e745218f09517309771fa7360ad0d92597552f4,3,"gELON,gKAI,gVITALIK",4371.0,10007.076270000001,10007.076270000001,3,3,0.0,Bots / Direct,Serial sniper,GMGN,20477.209068,8722.608868000001
0xa5019cf0224d21d41437d3cd7648d39a5868282f,3,"gRONALDO,gSWIFT,gVITALIK",4239.142046,12020.33609,12020.33609,3,2,0.0,"Bots / Direct,Sigma",Serial sniper,Sigma,35445.889809,12290.645641
0xb2d8c700b05437547c2eeef189e117fdf0f4442d,3,"gCOOP,gKIRK,gRONALDO",452.962663,934.4828189999998,934.4828189999998,3,0,0.03333333333333333,"Bots / Direct,Sigma",Serial sniper,Sigma,9980.086124,1502.6024499999999
0xe132f7f116030e886453afb16e01a827d9c67f85,3,"gELON,gKIRK,gVITALIK",1500.0,823.0465555588712,822.3917256872934,2,1,0.0,Bots / Direct,Serial sniper,Grail,16217.92279217762,7390.303018430453
0xe124f5e9cacc9c50c6db343e2a0bf7ef4e112580,3,"gPULI,gSHAI,gSPEED",450.0,379.65918917445936,379.6703241434093,2,0,0.06666666666666667,Uniswap App,Serial sniper,Grail,3718.9787539999998,1043.5070957203293
0x7da4ccf13e373b18d758590e0fdf9d87513e319f,3,"gDOUE,gMESSI,gSHAI",150.0,1005.0035054986423,1005.0035054986423,1,1,0.0,Uniswap App,Serial sniper,Grail,2164.979198,1285.5224355617536
0xb8d5da4e2afb4e6c7ab0f5576b4a7a3473379741,3,"gALLEN,gJENSEN,gVITALIK",432.2125247136259,2785.7219003547725,0.0,0,2,0.0,"Bots / Direct,Other / Unknown",Serial sniper,Bots / Direct,75864.52793938933,23537.744341736256
0x1c66f0b0e531389f0ca14230d8e28168b8791527,3,"gMJ,gWEMBY,gYAMAL",5.4589,-26.08398306302475,-0.008853964996037744,1,3,0.0,"Bots / Direct,Grail",Serial sniper,Grail,1408.999229,320.07142589881397
0xb578589e0fcad8892294db368ee76fc88273d629,3,"gKAI,gVITALIK,gVLAD",2014.0265556977938,2522.7585411532677,3148.1735092592808,3,0,0.016666666666666666,"Bots / Direct,Unknown App E",Serial sniper,Unknown App E,17420.285785076067,2548.1005941532676
0x9a2d48db7fddee801658ffa3fcbcd24926c029f4,2,"gPULI,gSPEED",200.0,299.8704548568971,299.8704548568971,1,0,0.03333333333333333,Uniswap App,Sniper,Grail,5080.059274,667.2361468696276
0x1e81b7e35ab9255ea073aa6c15f4b9dda10f93b3,2,"gVITALIK,gVLAD",1626.49209548726,702.3149709510224,816.8192901976231,2,0,0.016666666666666666,Bots / Direct,Sniper,Unknown App H,10877.853412455192,5567.6488716038075
0x439a567dd748fead41d370c0617ffa4a49ee48bc,2,"gELON,gKIRK",515.501649,1455.802185,1455.802185,2,0,0.03333333333333333,"Bots / Direct,Sigma",Sniper,Sigma,3232.888108602812,1568.0848592503344
0x6512306283ce0236b703d39a8e697acb20fff828,2,"gJENSEN,gVLAD",929.699484244671,3303.8235514471007,3303.8235514471007,2,0,0.0,"Other / Unknown,Unknown App G",Sniper,Unknown App G,5163.222519936443,3303.8235514471007
0x53c8a32a0956a26c6ebeb071ba44f72a29569a3a,2,"gELON,gKIRK",700.646007,149.95841900000002,149.95841900000002,2,0,0.03333333333333333,"Bots / Direct,Sigma",Sniper,Bots / Direct,1551.250433,149.95841900000002
0x5e4fc9e121a8405b16d641453fd7d29104d21a2d,2,"gJENSEN,gVLAD",184.73964678207363,751.1026164280958,751.1026164280958,2,0,0.03333333333333333,Unknown App G,Sniper,Unknown App G,12303.283371072344,751.1026164280958
0x59495c0497abb3c2a60eb7df89b6ad94df8b6993,2,"gJENSEN,gVLAD",1317.7019834334992,259.5125419534126,259.5125419534126,2,0,0.03333333333333333,Bots / Direct,Sniper,Bots / Direct,13381.547137939011,554.9416799534126
0xda305ed4e984612f4cc2275b3521fe85b800fb2e,2,"gELON,gRONALDO",294.695748,-0.060189371345848716,0.0,0,0,0.03333333333333333,Sigma,Sniper,Sigma,378.936259,-0.3377667558790588
0xea5b99ca3926690ee4ec49c232595f432de8ae20,2,"gELON,gKIRK",4815.815141,19682.626061,19682.626061,2,2,0.0,Other / Unknown,Sniper,BasedBot,47768.133203,17110.93614059547
0xddc2aaf148b08e5d5ddc8ca2a52f6bc85f2d53a7,2,"gELON,gRONALDO",119.77089799999999,114.54116400000001,114.54116400000001,2,0,0.03333333333333333,Unknown App D,Sniper,Unknown App D,748.9261280000001,95.61146600000001
0xb554739ad21b0f7bc3f0eedc5453e84a2a88d81c,2,"gRONALDO,gVITALIK",102.306236,-37.01586600000003,-37.01586600000003,2,0,0.03333333333333333,"BasedBot,Unknown App E",Sniper,Sigma,4769.665245,611.104203
0x89920d3ea244a0d0e1bedaf87a14f52000234589,2,"gDOUE,gRONALDO",1100.0,3429.241770034433,3429.241770034433,2,2,0.0,Other / Unknown,Sniper,BasedBot,10652.187501,3301.977349034433
0xc50491baf5dce382c7a40629cd199cc17e68e0f7,2,"gELON,gKIRK",30.085738,2.1615769999999994,2.1615769999999994,2,0,0.03333333333333333,"Bots / Direct,Sigma",Sniper,Bots / Direct,102.04135455548462,-0.596947381453047
0xbd775ee14622c1864a2ab93ea646088aa63c7217,2,"gVITALIK,gVLAD",155.9732214190799,-30.607792479212574,76.19540579998849,2,0,0.016666666666666666,Bots / Direct,Sniper,Unknown App E,1497.389680098406,374.5564731311097
0xbece7be807395153626c35eed6bb8bcf0d1621d9,2,"gJENSEN,gVLAD",184.69452861533284,269.34801000661537,269.34801000661537,2,0,0.03333333333333333,Unknown App G,Sniper,Unknown App G,1027.4888772876955,267.51213000661534
0x04497319651af0ee5a916f257b830791af5a4ef6,2,"gELON,gRONALDO",370.0,574.4237585249284,605.5055835894243,2,2,0.0,Bots / Direct,Sniper,OKX Wallet,5888.488421,574.4237585249284
0x23b3c6a165dcee639b3067bbc784bbb9640a91af,2,"gELON,gVITALIK",400.0,1351.6455099999998,1351.6455099999998,2,1,0.0,Uniswap App,Sniper,Sigma,2153.03771,1351.0246658199567
0x453bc807bd51a4f62401fc599583422a2404736a,2,"gBRON,gCHAR",59.895,4893.086335860073,4893.232853258153,2,2,0.0,Grail,Sniper,Grail,24437.15503786901,7560.5635376620285
0x4b3798e8d891081f1d9b52e1d43dd33a2a762a52,2,"gJENSEN,gVLAD",79.16339471362323,326.465443021448,326.465443021448,2,0,0.05,Unknown App G,Sniper,Unknown App G,671.0039074403285,326.465443021448
0x02e98ce98f3a1a5ad5504dcbb1d5d1c618e34acc,2,"gELON,gRONALDO",420.0,3388.2150683556083,3388.7807484288182,2,2,0.0,Bots / Direct,Sniper,OKX Wallet,4872.556671,3388.2150683556083
0x1057cf55ed29f7617f0769f3a59eefb331b427ad,2,"gKIRK,gVITALIK",136.295964,25.44289999999998,25.44289999999998,2,2,0.0,Bots / Direct,Sniper,Unknown App E,427.617479,31.32467699999998
0x12e7181b9307eadb25fc2898d717d6752c60156c,1,gVLAD,262.8544016183495,91.38404101423936,91.38404101423936,1,0,0.016666666666666666,Bots / Direct,Sniper,Bots / Direct,921.6266622509384,25.41051701423936
0x1108db974378d5bc1010003b026408fc1788870e,1,gVLAD,529.0666282516218,310.55294835471955,310.55294835471955,1,0,0.0,Bots / Direct,Sniper,Bots / Direct,961.5717702993184,310.55294835471955
0x18aeaba4a846f65c2fdc8c43deba1f51a514215a,1,gVITALIK,150.0,146.228766,146.228766,1,0,0.03333333333333333,Uniswap App,Sniper,Grail,2610.28965752569,266.53260353471654
0x186f3e6da2e3df42d02971f822bdce5400bd71c1,1,gVLAD,52.61404683003398,49.05992676995172,49.05992676995172,1,0,0.05,Unknown App G,Sniper,Unknown App G,311.90550770714816,49.05992676995172
0x1795eacd1a377133002de3bca335336a19dfa2ca,1,gVLAD,525.6197153222249,-88.45765485540824,0.0,0,0,0.06666666666666667,Unknown App G,Sniper,Unknown App G,2100.781717301013,-88.45765485540824
0x169465887d34d1026cab1146878bd59d93ca3f3d,1,gVLAD,392.5904941587161,346.83618370019485,346.83618370019485,1,0,0.016666666666666666,Bots / Direct,Sniper,Bots / Direct,1132.017172017627,346.83618370019485
0x15fb468c07449d7e75407735ca3c70c56311e0bc,1,gVLAD,7.8846085039589555,11.21466443499144,11.21466443499144,1,0,0.03333333333333333,Bots / Direct,Sniper,Bots / Direct,73.84283777468225,11.17720043499144
0x14990d561eb7188eb162adac239290bdbbf01dea,1,gVLAD,262.9925599154349,489.15359209754115,531.0828255798724,1,0,0.03333333333333333,Bots / Direct,Sniper,Unknown App H,3454.847634404334,300.2958314052073
0x23ff77336081f65723582fcb31740ff2d95fa1ef,1,gVLAD,105.23888610481009,86.32561636667762,86.32561636667762,1,0,0.03333333333333333,Unknown App G,Sniper,Unknown App G,296.80338857629783,86.32561636667762
0x24f5553e41b7a65644c977aa5d06df2028434e6d,1,gVLAD,262.90451195010337,-1.422846957394313,-1.422846957394313,1,0,0.05,Unknown App G,Sniper,GMGN,7135.878268780139,192.98625724619947
0x4f5463a41f160d00b602fdc65592e2c4e887a82e,1,gVLAD,788.3846872074046,-52.57250159193788,-33.5313261772053,1,0,0.03333333333333333,Bots / Direct,Sniper,Bots / Direct,2805.153407589834,-52.57250159193788
0x4f240578aabc8d80ecc6bffd17387d75640412a6,1,gVLAD,388.3440735838429,190.58153483494473,71.0035103889069,0,0,0.1,Unknown App H,Sniper,OKX Wallet,1812.622563675576,540.7620349375076
0x4e88717518c8ae9aa3930298cbd1c1f6b7e83ec1,1,gVLAD,1314.0242582552464,3368.87066089035,3629.686410996041,1,0,0.03333333333333333,Bots / Direct,Sniper,Uniswap App,43106.503819613834,7722.693337759616
0x4b96d70a001ac588a2dd7705a8207200bc38fe82,1,gVLAD,630.7037797010895,705.8678546398122,705.8678546398122,1,0,0.016666666666666666,Bots / Direct,Sniper,Bots / Direct,1967.275414041991,705.8678546398122
0x47282f17e6c6647785581018b73791135ac83695,1,gELON,65.969435,1088.271946,1088.271946,1,0,0.06666666666666667,BasedBot,Sniper,BasedBot,4584.053721,837.456207
0x3ab263ca0ed49ca35a8af0f73ff45ef381b00000,1,gVLAD,390.59414293846896,297.48974722906706,297.48974722906706,1,0,0.016666666666666666,Bots / Direct,Sniper,Bots / Direct,2412.912453858432,294.79739746226574
0x3d383b714c7e636825cc4f564c95e5059581c6ae,1,gRONALDO,15.574709,-50.828359835592344,0.0,0,1,0.0,Bots / Direct,Sniper,Bots / Direct,7341.69104,205.6128738116954
0x40389a7a7deda4b8183a759bc754a2904373d80c,1,gRONALDO,61.549036,476.76218000000006,476.76218000000006,1,0,0.06666666666666667,BasedBot,Sniper,BasedBot,3166.65297891554,665.9216249155404
0x0fcafe03142d449450ebc620de2e027eceb425a2,1,gVLAD,10.51323905225724,3.916292578959311,3.916292578959311,0,0,0.0,Bots / Direct,Sniper,Bots / Direct,24.942770683473793,3.916292578959311
0x0993ad4806f439cf9bf959b07164ce8ed5ec9a24,1,gVLAD,525.8987710911746,202.83793078191934,202.83793078191934,1,0,0.016666666666666666,Bots / Direct,Sniper,Bots / Direct,1254.6354729642685,202.83793078191934
0x064f2a642b02cde4476aa704b879abdf77a3aaaf,1,gKIRK,185.416327,-50.258054999999985,-50.258054999999985,1,0,0.06666666666666667,Bots / Direct,Sniper,Unknown App G,1070.2039830490696,65.56884765006009
0x078fe3cbc2d6e8c9abaf4238f9506d17bf044701,1,gVLAD,104.76131687264568,17.095926756071037,17.095926756071037,1,0,0.0,Bots / Direct,Sniper,Bots / Direct,226.6185605013624,17.095926756071037
0x064e88d6c782898653caae4f147467ad0573de32,1,gVLAD,1324.438892061802,5296.207131960691,5296.207131960691,1,1,0.0,Bots / Direct,Sniper,Bots / Direct,9511.280731434514,5296.207131960691
0x009044a477df4dcfc3ca64b150e3d9af325296ed,1,gVLAD,46.034784628128314,110.81162624209517,110.81162624209517,1,0,0.1,Unknown App G,Sniper,GMGN,1757.287944487343,230.42140624209517
0x00c1b4986ae07a93d9af8a3cae359cbead6b385f,1,gVLAD,265.4513066361898,18.767881738557435,18.767881738557435,1,0,0.03333333333333333,Uniswap App,Sniper,Unknown App G,700.9234294641508,134.53797025826347
0x1a8e9c30298ef469ef2a72d8d03007ccf6a88ba8,1,gVLAD,521.281282320125,-89.48980851212167,0.0,0,0,0.016666666666666666,Bots / Direct,Sniper,0x API (Matcha/Rabby),24380.55248789275,4110.344434664677
0x31236d1c83a42dbf2009edb2691d9fa9568284e4,1,gVLAD,23.653969104413243,5.5523695761336,5.5523695761336,0,0,0.03333333333333333,Unknown App G,Sniper,Unknown App G,292.12406101312126,7.482241915676976
0x2be7015d3da3eed20a555b1537ac0fbaa16c15d3,1,gVLAD,4961.329208643299,16513.914560963007,16513.914560963007,1,0,0.0,Bots / Direct,Sniper,Unknown App G,25930.363604405862,16513.873603586384
0x2bc6cc73fd60a8a3d7a4d76fa3638ffb710a1a68,1,gVLAD,78.89723539816636,595.7642972525664,595.7642972525664,1,0,0.03333333333333333,Unknown App G,Sniper,Unknown App G,3362.098829957571,873.9584907089073
0x2a52ac190a84e935246202e529aed50b41c8731c,1,gVLAD,2643.5081077587847,4515.266712822591,3769.6609168669306,1,0,0.1,Unknown App H,Sniper,OKX Wallet,102434.36651695389,26815.95211560709
0x3a9732edd0624b39d006c89a0e327020dc06eb99,1,gVLAD,751.2840800092624,629.8282666897331,629.8282666897331,1,0,0.08333333333333333,Unknown App G,Sniper,Unknown App G,3515.490202708258,753.8604626897331
0x31955a2690f5fce5fb0f0f051419e46c4a43009d,1,gVLAD,52.58221929964993,13.66453147034781,0.0,0,0,0.016666666666666666,Bots / Direct,Sniper,Grail,6917.0818376400275,2315.5151251177163
0x388d903234eb287729002a0235f6b8384d80e08a,1,gVLAD,388.7391897704763,205.7440561381576,205.7440561381576,1,0,0.0,Uniswap App,Sniper,Unknown App G,1584.0414612693341,673.5024971323331
0x371903abb32f5f69b536b77495e92adedfea25da,1,gVLAD,562.8811690999897,483.7792630009785,483.7792630009785,1,0,0.08333333333333333,Unknown App G,Sniper,Sigma,11329.862739200958,2043.8024930009788
0x2825cdb4a71ac7942da889f1ff72d536a8209343,1,gVITALIK,248.093068,226.24458200000004,226.24458200000004,1,0,0.03333333333333333,Bots / Direct,Sniper,GMGN,936.364059,241.50467700000002
0x283dc758664209008c3c20d7f15b1a490e1b5f35,1,gVLAD,26.282129597512917,5.071561679641661,5.071561679641661,0,0,0.03333333333333333,Bots / Direct,Sniper,Bots / Direct,214.91798485367707,5.071561679641661
0x2987825a138dd8f31189bee2550dc34d284077b7,1,gVLAD,179.17540823344495,-52.50380345432461,0.0,0,0,0.08333333333333333,Bots / Direct,Sniper,Grail,6454.944882892107,962.1145113103898
0x2996930126840bdd0e89929d76e023dbc33fffa8,1,gJENSEN,398.99930353143174,100.58017149152195,100.58017149152195,1,0,0.05,Unknown App G,Sniper,Unknown App G,898.5787785543854,100.58017149152195
0x20c8a980bbbc000f6e9d579a32ab0d15e9b4b26a,1,gVLAD,78.9204676975934,79.64754927579534,79.64754927579534,1,0,0.0,Unknown App G,Sniper,Unknown App G,237.48848467098213,79.64754927579534
0x23741bc1f97c8aa9bb60a8ace9e41e4ab5c22988,1,gVLAD,529.0548547826099,302.7726593808876,302.7726593808876,1,0,0.0,Bots / Direct,Sniper,Bots / Direct,953.7770402368403,302.7726593808876
0x02e6e29d4a7b80cd6599275d3f64b572133ef1ae,1,gVLAD,2.848880863004012,2.17800388337388,2.0958975625957708,1,0,0.1,Bots / Direct,Sniper,Bots / Direct,7.5159801016033265,2.17800388337388
0x0056ab399897fc4d555ef7da974625dece281258,1,gVLAD,46.034484227269004,108.51116552843122,108.51116552843122,1,0,0.1,Unknown App G,Sniper,Unknown App G,1749.8343119089307,222.4305875284312
0x6efde52b7cd1afec0fb232fc74d9dc9fd7c09827,1,gVLAD,366.6653800295726,955.368324275664,955.368324275664,1,0,0.0,Bots / Direct,Sniper,Bots / Direct,1688.699084334809,955.368324275664
0x6da3b5d44b1432608ebcb11f17546292f5a52757,1,gVLAD,523.1407351741769,208.82031863103725,208.82031863103725,1,0,0.016666666666666666,Bots / Direct,Sniper,Sigma,8757.264783483752,1895.8147843645995
0x6afb06fc5a0dae2a86b96088338236d02f999999,1,gJENSEN,1064.0160183182093,6541.171585662931,6541.171585662931,1,0,0.06666666666666667,Unknown App G,Sniper,OKX Wallet,35909.1037334201,6453.790418848523
0x696969917d14af0eccd470b0797a447087aba094,1,gVLAD,260.2850509797709,-22.283225208903218,-22.283225208903218,1,0,0.016666666666666666,Bots / Direct,Sniper,Bots / Direct,498.2868767506386,-22.283225208903218
0x688290bd1c238558dc843198336f734e8cce514a,1,gVLAD,524.0009905148711,1375.3947989565497,1375.3947989565497,1,0,0.0,Unknown App G,Sniper,Bots / Direct,2423.396779986292,1375.3947989565497
0x68e085c50a4cc7a74c3ef6cbd13d919c68b234e8,1,gVLAD,1312.3163511160799,1853.3853806457169,1853.3853806457169,1,1,0.0,Other / Unknown,Sniper,Bots / Direct,4483.245171653256,1853.3853806457169
0x67940b7947e9e7188bd10e16f92c57674ea0cf73,1,gVLAD,262.6929103026149,0.0,0.0,0,0,0.016666666666666666,Bots / Direct,Sniper,Bots / Direct,262.6929103026149,0.0
0x66559a5f4b2ba7b704c49d59d31af6740c453d46,1,gVLAD,46.03463442733522,105.62215479729488,105.62215479729488,1,0,0.1,Unknown App G,Sniper,GMGN,1744.9359291040562,217.5410217972949
0x623a8f1f4204327ea850d09a7f6f68394b02f41c,1,gVLAD,46.0349348296483,111.53460283838251,111.53460283838251,1,0,0.1,Unknown App G,Sniper,Unknown App G,925.4233433783292,111.53460283838251
0x645bd077614927ab015dc3fd4aa57d677a879009,1,gVLAD,26.27853863199045,6.417427626895915,6.417427626895915,1,0,0.05,Unknown App G,Sniper,Unknown App G,253.96348425650655,6.417427626895915
0x62973ad9b2ce969f25ea8523a94720f399475931,1,gJENSEN,1045.3950378663492,5055.328268650438,4383.521722774263,1,1,0.0,Unknown App E,Sniper,Bots / Direct,7241.001210877744,5048.6604856429685
0x63db185de4f443bd0a64b9593e4fbf7d0f2da1e8,1,gVLAD,5292.388350545256,48926.098075557034,48926.098075557034,1,1,0.0,Other / Unknown,Sniper,Unknown App G,59510.87477664754,48926.098075557034
0x5b0b3357c13cc71ae058a9dce9826b3d9bb4b147,1,gVLAD,28.93764550777356,40.71944394053274,40.71944394053274,1,0,0.06666666666666667,Unknown App G,Sniper,Unknown App G,260.2352966134325,33.68156127205853
0x5e3f408b76ef2befae784b968bde8be679fb285d,1,gVLAD,52.395579128745794,-5.622220105220926,0.0,0,0,0.016666666666666666,Bots / Direct,Sniper,Grail,1525.04780172146,-121.31204582162931
0x5fd7c252bf0ba4e9fe0f9efa7f19697091f46707,1,gVLAD,1031.528661139591,0.0,0.0,0,0,0.0,Uniswap App,Sniper,Uniswap App,1031.528661139591,0.0
0x607f3bc6512dd095d7b6c96e43d16d048e1deade,1,gVLAD,13.090463924526663,19.173647050741597,19.173647050741597,1,0,0.0,Unknown App G,Sniper,Bots / Direct,45.354574899794926,19.173647050741597
0x506a4dc75bf8cc1af2c74328c584be62bbe62ca1,1,gVLAD,1051.17624634001,1366.624767663464,1266.2051776829503,1,0,0.1,Bots / Direct,Sniper,Bots / Direct,4571.136614940171,1507.192809663464
0x5076eccca4347832199e5731ab79ad34af1388fd,1,gVLAD,297.3189687101308,0.0,0.0,0,0,0.08333333333333333,Bots / Direct,Sniper,Bots / Direct,297.3189687101308,0.0
0x55f3422138e9fed0bd81351bff66c882550002e8,1,gVLAD,529.0725161058906,931.4393068512667,931.4393068512667,1,0,0.0,Bots / Direct,Sniper,Unknown App G,4612.244095743473,2941.65469068074
0x5529ea1aa882a6ca9e05b7048a0762297f38b158,1,gVLAD,26.28048388940958,6.9501628156720585,6.9501628156720585,1,0,0.016666666666666666,Bots / Direct,Sniper,Bots / Direct,62.77915959449122,10.218191815672059
0x5897c4414a49eb9d754eea66d776c9f51ecae7e2,1,gMESSI,50.0,-7.133966561431215,-7.1343420734976775,1,0,0.03333333333333333,Uniswap App,Sniper,Grail,9799.449059440694,1776.2874594251164
0x5aa65f525187a657ecf86967f529c364a46d03e3,1,gVLAD,5692.868091318856,5606.819159131271,5569.454274462081,1,0,0.0,Bots / Direct,Sniper,Unknown App H,14045.869615737036,5606.819159131271
0x561d5e8505df261fada6fb54bed81fdb3157df41,1,gVLAD,261.85688100298,-70.47428916510694,0.0,0,0,0.016666666666666666,Bots / Direct,Sniper,Bots / Direct,335.2572224320327,-70.47428916510694
0x567e50baf686574719ad19e6e9c9c05897135863,1,gELON,49.511216,223.47688499999998,223.47688499999998,1,0,0.03333333333333333,Sigma,Sniper,Sigma,1817.5528749999999,351.201033
0x7ffdb405576dc3b414e9ccb840bd4dcf8fcaf7cd,1,gELON,65.969662,911.648072,911.648072,1,0,0.06666666666666667,BasedBot,Sniper,BasedBot,2755.010356,640.787484
0x7f623151a08732c37b3fc37670ae679cd80ceeb1,1,gELON,65.969888,128.705037,128.705037,1,0,0.06666666666666667,BasedBot,Sniper,BasedBot,678.349587,17.814371000000023
0x807e55bf8e396701b364585ef24f1c50fd4fbefc,1,gVLAD,52.559737428842624,46.71607270106713,46.71607270106713,1,0,0.0,Unknown App G,Sniper,Unknown App G,151.83554755875235,46.71607270106713
0x8139f113c90ce39c1673230d92eeac95e575a28f,1,gVLAD,78.8427279926379,281.97567871234884,275.15487361013646,1,0,0.1,Bots / Direct,Sniper,Bots / Direct,981.6768926964638,281.81481471234883
0x8362b24587fce9c4c7e13e81633d688ae830a774,1,gVLAD,525.5555474849456,1114.250684970634,1114.250684970634,1,0,0.1,Unknown App G,Sniper,Unknown App G,3217.217129435107,1114.250684970634
0x74c30a44fefb80fd375e1c041af5a60c65f1b863,1,gVLAD,495.54707902213494,130.88723092613327,130.88723092613327,1,0,0.016666666666666666,Bots / Direct,Sniper,Bots / Direct,1121.981388970403,130.88723092613327
0x6f7aaba5b1fbba63c309527653423a19c5d40620,1,gVLAD,119.04152763623834,14.209376876441254,14.209376876441254,1,0,0.0,Bots / Direct,Sniper,Bots / Direct,705.5630995290364,14.209376876441254
0x75d00bd4e8c5238766ddf09c170a728c83b97fa8,1,gVLAD,196.5153723535272,106.77696033710481,106.77696033710481,1,0,0.016666666666666666,Bots / Direct,Sniper,BasedBot,3839.532463644802,662.2302465559851
0x911981267dd854e6ad4301902b823fbfe5cac619,1,gVLAD,1314.3943473059292,571.1157843253613,571.1157843253613,1,0,0.06666666666666667,Bots / Direct,Sniper,Bots / Direct,3199.9044789372197,571.1157843253613
0x8ddb92462a54029cad7a78c3c0e7218c3f36a371,1,gELON,33.008002,177.02205700000002,177.02205700000002,1,0,0.03333333333333333,Sigma,Sniper,Sigma,287.831208,179.95270800000003
0x8d26244a10906d023bcdad3b2ebb0cd2d7e4f68c,1,gVLAD,263.07588890193455,-63.695193637890554,-63.695193637890554,1,0,0.03333333333333333,Unknown App G,Sniper,Unknown App G,462.45658416597854,-63.695193637890554
0x8bd02c669cf57523a42d8b7dd0da321ac9a686aa,1,gVLAD,529.0607424661904,306.12826618107,306.12826618107,1,0,0.0,Bots / Direct,Sniper,Bots / Direct,957.1398686928437,306.12826618107
0x8a6ddf3e2c7b2b3067ce31f2c7508f851574f0f5,1,gVLAD,241.29396725496778,183.58698600766093,0.0,0,0,0.08333333333333333,Bots / Direct,Sniper,Bots / Direct,965.5058487605771,183.58698600766093
0x88d450c85db85e16385ed10db2f34746b4bbbb4f,1,gVITALIK,37.207717,14.283733999999995,14.283733999999995,1,1,0.0,Bots / Direct,Sniper,Sigma,139.461667,20.562310846063905
0x850600bc8c3af516ed5c0b28c9ba8bbac8057798,1,gVLAD,261.30932325963425,254.65120364009528,254.65120364009528,1,0,0.016666666666666666,Bots / Direct,Sniper,Bots / Direct,777.2698501593638,254.65120364009528
0x883f351edf95a9ba53818bb11aa61b485307c12d,1,gVLAD,1051.4444133547179,2019.6928640725791,1982.2013755385174,1,0,0.08333333333333333,Bots / Direct,Sniper,Bots / Direct,3977.42229432043,2019.6928640725791
0x8294edf750e920e76c3c8a33f8f2e9f2df75849f,1,gVLAD,262.83193707447845,166.30007647519244,166.30007647519244,1,0,0.08333333333333333,Unknown App G,Sniper,Unknown App G,24186.025219714393,289.1568953892644
0x9989fe18280eb0819913e04f2d480b5999999999,1,gDOUE,222.0,-7.100930396577326,-7.100930396577326,0,1,0.0,Bots / Direct,Sniper,Bots / Direct,384.82606799999996,-7.213828161294872
0x9c1ba93a85906779fda074fe3ce954ef6256e22b,1,gVLAD,52.555781754470445,73.40222777117815,73.40222777117815,1,0,0.016666666666666666,Bots / Direct,Sniper,Bots / Direct,178.51379128011902,73.40222777117815
0x91af22f1de07de84e2c1d77d02e9e24037294aab,1,gVLAD,131.10144997740304,-25.811417790123457,-25.811417790123457,0,0,0.05,Unknown App G,Sniper,Unknown App G,236.3914821646826,-25.811417790123457
0x95be57c18096210cac06271e00c4f77aee04ed5f,1,gVLAD,503.2409308164194,772.3553146621836,767.7310530548004,1,0,0.1,Fomo,Sniper,Fomo,10694.249527221104,285.5325311423314
0x961039f18ca2e6577d711cb753f324352b75a6cd,1,gJENSEN,26.331244359626403,174.1651796872102,174.1651796872102,1,0,0.05,Unknown App G,Sniper,Unknown App G,226.827668406463,174.1651796872102
0x9219aa505e64363fd2ecc8872c1866ca98c21d39,1,gVLAD,1487.8510072921426,752.2358525607692,0.0,0,0,0.0,Bots / Direct,Sniper,Bots / Direct,1487.8510072921426,752.2358525607692
0x91c98a7604d40404967fe05f2c0c539cf845d17f,1,gVLAD,10.513253780543481,3.9441521378643576,3.9361426015669387,0,0,0.0,Bots / Direct,Sniper,Bots / Direct,24.936367028202543,3.9441521378643576
0xaf46123e9ab90ca8e01b1e9cc50057cf9477f003,1,gVLAD,520.3038001096629,31.99691493355806,31.99691493355806,1,0,0.016666666666666666,Bots / Direct,Sniper,OKX Wallet,3318.218006152884,728.119134812755
0xad72f7d52d66e9400e04b165cc329f0e68a11a5b,1,gMBAPPE,0.14334,0.3018612926852214,0.3018531656719641,0,1,0.0,Grail,Sniper,Grail,1.724791346240072,0.0716571937536992
0xaaac1fc1511dce8294aa40727833a90119280dcb,1,gVLAD,26.126019687794614,6.2099302520409765,6.2099302520409765,1,0,0.016666666666666666,Bots / Direct,Sniper,Bots / Direct,58.46196962763021,6.2099302520409765
0xa9acc7fdff9a05281b24f05326946b9c6796deae,1,gVLAD,7954.596109647687,31858.361066171456,31858.361066171456,1,1,0.0,Bots / Direct,Sniper,Unknown App G,47767.553285466834,31858.361066171456
0xa45111cdd1443e9f47e749ab714ace08915d3b45,1,gVLAD,131.3960805859074,531.0134268984464,534.005284820129,1,0,0.03333333333333333,Bots / Direct,Sniper,BasedBot,10551.507347076817,1767.0809632734783
0x838bdae0241b371ca275fbff5b6f17bc479e0566,1,gVLAD,1487.6377377569752,693.1898694361239,0.0,0,0,0.0,Bots / Direct,Sniper,Bots / Direct,1487.6377377569752,693.1898694361239
0x821d3322368eaf72496951acdd8339f877325796,1,gVLAD,2102.240118666138,1302.139528719199,1302.139528719199,1,0,0.016666666666666666,Bots / Direct,Sniper,Grail,16806.270383598763,3558.6105121970822
0x6f92f3c911b6251f98037f012549c6fe975ef1f0,1,gVLAD,78.64720010300897,21.17884682097511,21.17884682097511,1,0,0.016666666666666666,Bots / Direct,Sniper,Bots / Direct,387.911278296056,21.17884682097511
0x7b2adeee812f2fde59a60ccd958226d1c9c82694,1,gKOBE,1.10112,53.926908426316125,53.92239330518585,1,1,0.0,Grail,Sniper,Grail,34018.62283288456,12153.39898063287
0x77afcb677962d14c540d66c412d7f9c1d1c8bffd,1,gVITALIK,1400.0,-17.81326511838479,-17.346520587264365,0,0,0.03333333333333333,Uniswap App,Sniper,Grail,2073.409037,-19.743528904713305
0x7ca0e79e843fb4827b19c9edef327b2d3db557fb,1,gVLAD,18.653724574371687,98.93511658362718,70.54994612273163,1,0,0.08333333333333333,Bots / Direct,Sniper,BasedBot,1361.5809864341493,454.5444328885673
0x7c8e6628f2701c036f6ce5ccc285b94d0a268aca,1,gVLAD,2627.726514447127,2069.1485282182084,2105.6358003022156,1,0,0.016666666666666666,Bots / Direct,Sniper,Bots / Direct,12934.838196053952,2111.9588012182085
0x7d5beb7629e46c0231726da224c8aab40038c1b1,1,gVLAD,2.6146258944071,1.0713920201524436,1.0713920201524436,1,0,0.016666666666666666,Bots / Direct,Sniper,Bots / Direct,6.300643808966644,1.0713920201524436
0x7e7839b10c214dae21f3ad5b5ce64f60475e42eb,1,gVLAD,52.36062419489391,26.366973961714677,0.0,0,0,0.016666666666666666,Bots / Direct,Sniper,Sigma,556.1867337168921,106.8559129395737
0x704663f0d5e5e23cf912e47873c5fe4e976ab37a,1,gVLAD,204.20063683240573,10.667657006810174,10.667657006810174,1,0,0.03333333333333333,Unknown App G,Sniper,GMGN,5956.769458671622,302.0602972315655
0x738c2d3577bf9522eec1caf302675a48ecddd100,1,gVLAD,131.43153809747102,2.9936230400201254,13.586885771151174,1,0,0.06666666666666667,Unknown App G,Sniper,Unknown App G,1708.3536780901445,778.4485935785916
0xbb757f8777dd30776d610dc68e10a6d76aadfea3,1,gVLAD,14.724224756671923,0.0,0.0,0,0,0.1,Bots / Direct,Sniper,Bots / Direct,14.724224756671923,0.0
0xbb685fb6884e6566042fc9970636e68c75f5b243,1,gVLAD,2592.8127028731888,881.1877361367119,0.0,0,0,0.0,Bots / Direct,Sniper,Bots / Direct,2592.8127028731888,881.1877361367119
0xb9c489760fad2a196ffdbbc9ee7bf31eed6ee05b,1,gBRADY,0.143565,0.419907076888114,0.41990650186861395,0,1,0.0,Grail,Sniper,Grail,3.7667418187475676,0.7081088649219323
0xb9b7da489718a783cfe7bf105537d691cd2173d0,1,gVLAD,260.5072059402874,245.5326904966571,245.5326904966571,0,0,0.016666666666666666,Bots / Direct,Sniper,Sigma,11211.072294953594,931.4524768475146
0xb801454b0bc6a774effca51a28ddfe6d60514904,1,gVITALIK,743.253248,127.50816100000009,127.50816100000009,1,0,0.06666666666666667,Unknown App E,Sniper,BasedBot,12726.134448,606.3920280000003
0xb687fa8e5e1db62ef56d9e19eb09f3b7dd8d2519,1,gVLAD,1956.5288666628273,2499.69834929892,2748.336934503038,1,0,0.0,Unknown App G,Sniper,OKX Wallet,129015.79456023549,9116.974988003596
0xb4f10cf698af9a8b3be7b11d8e72a4f1f868cb66,1,gVLAD,981.2815834236523,997.3580206504067,997.3580206504067,1,0,0.03333333333333333,Unknown App G,Sniper,Unknown App G,2961.9588474262614,997.335503790484
0xb3e42508fa9aef0465c851bf43be5bd0725eb1a2,1,gVITALIK,124.029387,61.290285,61.290285,1,1,0.0,Bots / Direct,Sniper,GMGN,5402.493276,-23.020467999999966
0xb033f119a9ed1ebb9a628861ced9e3b636742069,1,gVLAD,529.0430816549431,-1547.5862724380881,186.2870462308582,1,0,0.0,Bots / Direct,Sniper,Grail,9627.001526084703,277.02729128487726
0xb3b550e0a844705310639cb343ddec7354facc0d,1,gPIKA,19.962,365.2707123316648,365.27763920273253,1,1,0.0,Grail,Sniper,Grail,3748.0094701081553,1232.8569854586258
0xa18f0afde0a25f48ca8d43f50f678b8c3dc2c978,1,gRONALDO,615.043042,4356.1065579999995,4356.1065579999995,1,0,0.03333333333333333,Sigma,Sniper,Sigma,5586.192642,4356.1065579999995
0xbe4eba417999c7269c6d631eaef82ad3f2bcdd9e,1,gVLAD,13270.168432992714,50871.32854857788,50871.32854857788,1,1,0.0,Bots / Direct,Sniper,Unknown App G,77939.62655101281,50871.32854857788
0xbe75c68d0a7fd5ef957df454b2bc5394ecda972b,1,gMESSI,990.419952,-521.630355,-521.630355,1,1,0.0,Sigma,Sniper,Sigma,8415.875141,514.273601
0xbe324ec521b807c3e8b38cc4a80b307714027ae9,1,gVLAD,130.6167039983528,69.56252531621905,69.56252531621905,1,0,0.016666666666666666,Bots / Direct,Sniper,BasedBot,1746.5554623629355,210.93588157204186
0xbdb902244f1235fc686b2af74f0e73163d47fa08,1,gVITALIK,1000.0,1483.283337,1483.283337,1,1,0.0,Other / Unknown,Sniper,Bots / Direct,3532.9020889999997,1483.283337
0xbb7b44e145cc39e2b5299a7d465fcd10dcc976d3,1,gMESSI,49.524868,-40.850464,-40.850464,1,0,0.03333333333333333,Other / Unknown,Sniper,Bots / Direct,807.825395,-172.574183
0xc6a6a321a8696127468c43b8173a768ed1296a2c,1,gVLAD,1051.3379596446846,94.31422811179527,0.0,0,0,0.0,Unknown App G,Sniper,Unknown App G,3153.940939871125,94.31422811179527
0xc4d9f964893532b75c63f2eaaec05c5e37959b62,1,gVLAD,264.53846565305986,116.31079738338445,116.31079738338445,1,0,0.0,Bots / Direct,Sniper,Bots / Direct,648.4987636895041,119.42183238338446
0xc883c0c0726bbcaa322de3ce86909596fa0834af,1,gVLAD,2592.8750755390693,841.6851870859512,841.6851870859512,1,0,0.03333333333333333,Unknown App G,Sniper,Grail,17804.279731364848,3896.273022321626
0xc70789fcc95d88f2707196d06286c95ae5a6f04c,1,gVLAD,7.857144858176011,3.1309568139462725,3.1309568139462725,1,0,0.0,Bots / Direct,Sniper,Bots / Direct,18.845246530298294,3.1309568139462725
0xc9261983c4a8a1d041d59e859fed3067fe5c2d17,1,gVLAD,2101.908033064444,0.0,0.0,0,0,0.016666666666666666,Bots / Direct,Sniper,Bots / Direct,2107.31050941107,-0.07370317395685122
0xcc86c000c60597a2fe7f7e6fbc70519dbbfd9b91,1,gVLAD,486.1562429543086,45.14445182489976,45.14445182489976,0,0,0.0,Unknown App G,Sniper,Unknown App G,1990.6672011308794,45.14445182489976
0xd0bd60bd3ea120fee11e11debf694db7c4deda56,1,gVLAD,69.88893924820276,-125.43628763058112,-11.579622631747888,1,0,0.08333333333333333,Bots / Direct,Sniper,Bots / Direct,695.31023124392,-125.43628763058112
0xd15031d0942634ccac10274e68945a23d2720922,1,gVLAD,5315.334305361097,3936.1373422353245,3936.1373422353245,1,1,0.0,Other / Unknown,Sniper,Bots / Direct,14613.325112957518,3972.3904522353246
0xd1f78f0215c5f735b4f9627737c103898158afaa,1,gVLAD,261.902281533165,537.1419455676371,537.1419455676371,1,0,0.0,Bots / Direct,Sniper,BasedBot,5034.8336456339675,1327.0215605676372
0xd2f02256cac3caa65a0dac3be6bba403dde9e12d,1,gOHTANI,3.747216,11.529434749464267,0.0,0,1,0.0,Grail,Sniper,Grail,1336.986717,118.53170833479732
0xbf2ae442216602680ad5bb680e4d47e67e3dfbfc,1,gVLAD,762.1455517031425,1015.1630200250213,1015.1630200250213,1,0,0.08333333333333333,Bots / Direct,Sniper,Bots / Direct,4707.950433197347,1017.1050460250212
0xbee13abe53012dac1fb171749036b229cdcc0ded,1,gVLAD,130.7198961261031,18.272388934259254,18.272388934259254,1,0,0.016666666666666666,Bots / Direct,Sniper,Bots / Direct,383.619754900926,-10.639506775420429
0xc3ac3bb6e99b75e4d2fba03bc2cecf489f039a83,1,gVLAD,1471.9259332371353,935.4082428064632,935.4082428064632,1,0,0.03333333333333333,Unknown App G,Sniper,Unknown App G,3879.260109280734,935.4082428064632
0xc4070303921e905db8f481be1ad606bb0dc18fb9,1,gVLAD,525.420538820067,218.75225102168656,218.75225102168656,1,0,0.016666666666666666,Bots / Direct,Sniper,Unknown App G,4329.580093238431,2221.6456584427706
0xbc45d4efbee9d286f478c5ba2935ef4698b11552,1,gVLAD,2743.0972877433223,2744.443307820308,2112.5804401301602,1,0,0.0,Bots / Direct,Sniper,Fomo,6117.047932967673,2734.6132567874924
0xbc4e4fe461e5ae48303611888f72f8e0d345fa3c,1,gVLAD,529.0489681761101,297.6138486005239,297.6138486005239,1,0,0.0,Bots / Direct,Sniper,Bots / Direct,948.6110092386759,297.6138486005239
0xd783d6d9bd066bddbcf0c5f8fce603c01f2f7ad9,1,gVITALIK,248.091939,7.225258999999994,7.225258999999994,1,0,0.06666666666666667,Bots / Direct,Sniper,Bots / Direct,3007.332329,1.2004350000000343
0xd69375a68ea2445d821fb150a1842991a381da17,1,gVLAD,981.5132770994612,4074.848451563209,4074.848451563209,1,0,0.0,Unknown App G,Sniper,Unknown App G,9963.684181507153,4074.848451563209
0xd5f8e9efdfeed5dee1411df623b9320014770063,1,gRONALDO,351.448653,1451.5130500000002,1451.5130500000002,1,0,0.03333333333333333,Sigma,Sniper,Sigma,4224.846282,1345.6732740000002
0xd5a2cb180bba3fe67b6de91cf86651e9dee84363,1,gVLAD,263.06671281697015,-65.96088812835868,0.0,0,0,0.06666666666666667,Unknown App G,Sniper,Unknown App G,263.06671281697015,-65.96088812835868
0xd59d36a1ca621f7dcded5209d806741ed16c8e12,1,gVLAD,2492.7174275984084,1761.5758401440357,1756.4602461820446,1,0,0.0,Uniswap App,Sniper,Fomo,6713.800277515267,1761.5758401440357
0xd32c2a72399666b4d82c23612401c0a21a93c99e,1,gVITALIK,450.0,874.85552,874.85552,1,1,0.0,Bots / Direct,Sniper,GMGN,1968.21564,874.85552
0xdd3014109ecb84d7b5ee26052b5489084b58123e,1,gVLAD,1956.4911030960786,624.7777837547445,648.4826817345187,1,0,0.06666666666666667,Unknown App G,Sniper,OKX Wallet,76013.18640181517,7607.707506423553
0xda80613a6368d9fe273c98c6f9a0b25b7bc88975,1,gVLAD,262.09899787836713,623.3027380326577,623.3027380326577,1,0,0.016666666666666666,Bots / Direct,Sniper,Bots / Direct,4301.068779302974,623.3027380326577
0xe16ae7b24215e40ef3b37c25929e9554e242e6d6,1,gELON,0.461216,0.6044190000000002,0.6044190000000002,0,0,0.06666666666666667,Other / Unknown,Sniper,Other / Unknown,1.5268510000000002,0.6044190000000002
0xdfccee6da6311bf20d3daa9c47ee597e532e66d2,1,gVLAD,5.256623208198031,5.218782254995183,5.218782254995183,0,0,0.0,Bots / Direct,Sniper,Bots / Direct,15.732028671391245,5.218782254995183
0xe19d5cf5ad0daf9ac6f9feee0506e5ff265639ef,1,gVLAD,6624.535675501928,20819.12693031845,20819.12693031845,1,1,0.0,Bots / Direct,Sniper,Bots / Direct,35128.00704032231,21468.74160731845
0xe31d1effd632aac6479bd7fd1fd15d4da4a203db,1,gVLAD,261.8924101590904,215.78834867857074,215.78834867857074,1,0,0.0,Bots / Direct,Sniper,Bots / Direct,739.5731689967515,215.78834867857074
0xe6786b71a8c6733daecc8d6b340ac7c4bdd03f95,1,gVLAD,131.4499537437644,49.12706656874309,60.907494066447356,1,0,0.06666666666666667,Bots / Direct,Sniper,Unknown App E,2675.448978006472,164.68185057544642
0xe4e1eaee296eb32dc73db8562bee419bb9eefaae,1,gALLEN,553.875725,-166.991509,-166.991509,1,0,0.06666666666666667,GMGN,Sniper,GMGN,3010.5028364317936,386.4824335841401
0xe9cbfca83b85ac4ebfee0b2cd1b76f6b3bc7094e,1,gVLAD,264.54207069214715,607.8803247622566,607.8803247622566,1,0,0.0,Bots / Direct,Sniper,Bots / Direct,1136.9644661465509,607.8803247622566
0xe7c6615c896c2a11fc1960f0586f2e1b163254dd,1,gVLAD,52.294395531580925,26.837238754558122,26.837238754558122,1,0,0.016666666666666666,Bots / Direct,Sniper,Bots / Direct,131.42602981771998,26.837238754558122
0xeb5bc5bc3a7898426683d473df672414ba3ea3bf,1,gVLAD,1062.1536234755583,1676.2180545949698,1676.2180545949698,1,0,0.0,Bots / Direct,Sniper,Unknown App G,4326.499635813619,1676.2180545949698
0xec492b8e766fb42a07a4b7e324af02f196e1cd14,1,gELON,1000.0,9855.883224000001,9855.883224000001,1,1,0.0,Other / Unknown,Sniper,Sigma,11855.883224000001,9855.883224000001
0xeceb30ea282cd2ea3669794d5cb3f79799999999,1,gELON,495.0,11273.104569000001,11273.104569000001,1,0,0.06666666666666667,GMGN,Sniper,GMGN,20552.890819,11205.285677472315
0xf06ffe33bac0719eae891cb10e2a2e6e242a1266,1,gSHAI,307.748188,1201.0126050000001,1201.0126050000001,1,0,0.06666666666666667,BasedBot,Sniper,BasedBot,10823.880608,3324.6320923471994
0xf0fc53c13728bd97e1025c946542dce05902d066,1,gVLAD,368.1358778672829,785.9326626252815,785.9326626252815,1,0,0.06666666666666667,Bots / Direct,Sniper,Unknown App H,5093.625779361947,2118.5906091117295
0xf38b4c3e58b9fa850272b744b4fc031eb7fc3f4b,1,gVLAD,1313.922883172329,3226.4761341001563,2835.7638995062052,1,0,0.1,Bots / Direct,Sniper,Bots / Direct,15663.710354228875,4341.850232882845
0xf4efc353b73df5c4a12775f9e1bc218bdf97ad89,1,gKAI,47.110965,16.738848000000047,16.738848000000047,1,0,0.06666666666666667,Unknown App E,Sniper,BasedBot,3868.257654,76.68175000000005
0xf673bdbd794620ac1e56ce753e29a5906e62ade7,1,gVLAD,262.9651981853846,-11.076183483308967,0.0,0,0,0.016666666666666666,Bots / Direct,Sniper,Bots / Direct,262.9651981853846,-11.076183483308967
0xf687bbb975953e8c8198bbc264f5380545f867ea,1,gCADE,9.049139,77.14889498105327,77.14889498105327,1,1,0.0,Grail,Sniper,Grail,3576.914892805186,4840.5383680836885
0xf7f11f06f8ad6827d4ff53b2aa791682405d166e,1,gVLAD,131.53151400137384,154.73077345633737,0.0,0,0,0.06666666666666667,Unknown App G,Sniper,Unknown App G,788.8310173767932,154.73077345633737
0xf8bebdbbe1027b86377cf67252f89b0824cdc619,1,gVLAD,393.35721757752003,434.8318939689532,434.8318939689532,1,0,0.016666666666666666,Bots / Direct,Sniper,Bots / Direct,4494.00117699504,1130.5839418144005
0xf926fdfbbce0232c9137946cec9e8edd6193468b,1,gVLAD,26.27892063466913,24.844232673851316,15.55586401021236,1,0,0.03333333333333333,Bots / Direct,Sniper,Bots / Direct,146.934239942698,24.844232673851316
0xf9545c1661efc79cb66c2647086791633fb6f59a,1,gVLAD,7.6241224537832935,6.920359570518043,6.920359570518043,1,0,0.016666666666666666,Bots / Direct,Sniper,BasedBot,827.8335404780846,519.823458570518
0xfa44ce1897e4928c3455923b0d5d1748ed95fbd0,1,gVLAD,262.79500597884817,289.9666430214544,289.9666430214544,0,0,0.0,Bots / Direct,Sniper,Bots / Direct,1341.1484566887884,289.9666430214544
0xfab69fd8b4a03f69a0fbf7fbeb36ad6b25b03158,1,gELON,329.865988,266.945787,266.945787,1,0,0.06666666666666667,Sigma,Sniper,Bots / Direct,1963.810715,53.65430017355729
0xfcd8adeda5fc2829260a024f0bd8f833168bc5d1,1,gVLAD,523.804039448677,347.91405059745574,347.91405059745574,1,0,0.0,Unknown App G,Sniper,Unknown App G,1501.3757777036842,347.91405059745574
