token,days,avg_ret_high_vol_days,avg_ret_low_vol_days,diff,pct_up_on_high_vol,corr_platform_volume,corr_own_volume,avg_ret_after_others_launch,n_launch_windows,ret_period,volume_period
gSPEED,89,0.1671253503514768,0.011063495069874571,0.1560618552816022,0.5217391304347826,0.20478396814533015,0.5990774954538456,0.7178925580765739,6,2.8945441532943796,1678636.3518270003
gMBAPPE,89,0.08947227032063261,-0.0360564574721367,0.1255287277927693,0.43478260869565216,0.6610401385747477,0.7255544996860058,-0.11203529609526007,6,-0.43287379696499995,52048.719881
gKIRK,80,0.10302509786702956,-0.002920081573204595,0.10594517944023416,0.45454545454545453,0.31099158841819097,0.7563109619175022,1.0371614167594378,5,2.6182611741871593,383654.190491
gKOBE,89,0.08498120024898982,-0.0027105408878454547,0.08769174113683528,0.391304347826087,0.26912597845008246,0.38000700141952354,0.020363025200106483,6,0.04570482406566345,8942.900506
gELON,89,0.06825877175283891,-0.000899087359822084,0.069157859112661,0.5652173913043478,0.2682721121321635,0.550921533556613,0.14995885506684745,6,1.6180983752801752,481452.4909449999
gCHAR,89,0.05487202557586366,-0.009417198420098393,0.06428922399596206,0.5217391304347826,0.3057587328981695,0.19460569111103257,0.062144597610467,6,-0.06455083779535398,25841.757034000002
gPULI,89,0.040578618538768346,-0.014571116928574051,0.0551497354673424,0.30434782608695654,0.23813387439583122,0.015018838452232388,-0.08521919603643857,6,-0.8981219338454249,6329.532206
gRONALDO,89,0.05060005347576707,-0.003901881449161052,0.05450193492492812,0.4782608695652174,0.6518139480434747,0.6226175191662444,0.04223484108087777,6,0.19800443964293102,63990.276312999995
gMESSI,89,0.043321696855173716,-0.004073656123845794,0.04739535297901951,0.6086956521739131,0.46433052623960563,0.34423387111542664,0.04110408720576205,6,0.1974855306290968,90795.29237699999
gCADE,89,0.03132274801804424,-0.005178823421664965,0.0365015714397092,0.30434782608695654,0.11887359135397821,0.5057162147339571,-0.05543783992485801,6,-0.349418620683536,8169.323614000001
gALLEN,51,0.006943294228762675,-0.019499347083399,0.026442641312161674,0.36363636363636365,0.1791453108623977,0.3097601282511712,0.027701684525329357,3,-0.0832842255392775,15288.653485
gBRON,87,0.024646743065833403,0.0009608911974682712,0.02368585186836513,0.5217391304347826,0.3559729656147285,-0.0522760716210801,0.025587240003751788,6,-0.2902178539814041,13463.966499
gSWIFT,89,0.019860626217125133,-0.0036415225466840877,0.02350214876380922,0.5652173913043478,0.2627122332873702,0.5710793490388268,0.07411505472535457,6,0.3826577495213932,33203.869146
gPIKA,89,0.015722802448610015,-0.0033470317856971066,0.019069834234307123,0.43478260869565216,0.4545434394114682,0.2517469960845166,-0.05501977487603107,6,-0.17806017946995678,43570.35367699999
gSHAI,89,0.010495245552331427,-0.0071072690707153835,0.01760251462304681,0.30434782608695654,0.43878298685231687,0.04692279481362067,-0.03348312182841758,6,0.2672846157295712,2522.612065
gMONK,88,0.025018550629118542,0.008128056562634102,0.016890494066484442,0.4782608695652174,0.2176887957121843,0.316655734934579,0.04686442794918468,6,0.008114600583362774,29606.158376000003
gVITALIK,37,0.012234363148939257,0.0,0.012234363148939257,0.5555555555555556,0.22766538486099475,0.3163578451116428,0.37457356756641325,1,0.08115832368743581,540144.1661820001
gBRADY,86,0.010856932564534252,-0.0010396002887236154,0.011896532853257868,0.4782608695652174,0.29769781314036403,0.7071292110792791,0.03689932940762575,6,0.27845686612184406,12481.44968
gDOUE,89,0.013119526626648764,0.002744150779570286,0.010375375847078478,0.5217391304347826,0.20500056048520757,0.11376741628693096,0.08983807473425041,6,0.9898994290848877,6855.781126
gMJ,89,0.009526811690326485,0.0009024778774535234,0.008624333812872961,0.30434782608695654,0.0757658403928208,-0.8046267887675878,0.029667394305822287,6,-0.5020817879695536,65185.472537
gCOOP,65,0.011549714125010017,0.008224018254781829,0.003325695870228188,0.5,0.11247014474957398,-0.2457250251449797,-0.014020940086878958,4,-0.1786931350180112,26707.549915
gKAI,44,0.04647645687399441,0.04346272451310629,0.003013732360888123,0.5714285714285714,0.25767552190787574,0.23514011950423888,0.21336075631161738,2,0.1863810590651771,423317.452173
gOHTANI,86,0.0040879297588732105,0.001824031464038828,0.0022638982948343825,0.5217391304347826,-0.08702001466095505,0.45311922156662915,0.06045632741903523,6,0.294358979239026,22688.901601999998
gBRUN,87,-0.0027659875283677204,-0.003953296999180234,0.0011873094708125132,0.391304347826087,0.23137969307401976,0.38959482112135524,-0.011357770305157925,6,-0.20444144693666189,3683.6981729999998
gYAMAL,89,-0.0009594771401325151,-0.0007206561486158908,-0.00023882099151662428,0.34782608695652173,0.15520557424863465,0.18519712302160174,-0.045226551048214124,6,-0.4156633549558211,61410.839347
gWEMBY,89,-0.004469343016140949,0.0038250367569436492,-0.008294379773084597,0.4782608695652174,0.08903818229432149,0.018402804627127473,-0.03467519390952867,6,-0.30114382447460386,70933.86028400001
gJENSEN,19,0.1312854105935447,,,0.375,0.16203581860192784,0.5939677789022686,,0,0.2758970371098175,6562756.490846894
