symbol,w,amount,bought,redeemed,xfer_in,sold,sell_ratio,is_sniper
gVLAD,0xb8b60d295e7b69ea01df49e24a268da0692cbedf,44114736.088953376,46387865.65481721,0.0,150730.8103044731,2004627.428668975,0.04307451407932643,False
gVLAD,0x7dbfd9a93914eb9027b52c504be33cfbe4b380bc,29735033.989772856,28226902.90726526,0.0,0.0,0.0,0.0,False
gVLAD,0x94fb21bbfaed8927570a2d41af0c21527efbfd81,27441086.380084522,24741894.391526878,0.0,2522327.8835855247,0.0,0.0,False
gVLAD,0x2801ff0c34ca2a509631df6a9d7365b86e0782aa,15231362.725751966,13282819.3647058,0.0,1948543.3610461655,0.0,0.0,False
gVLAD,0xc55d5a89929af4439ba6bb45cc96acfbfd1c114b,14998025.675418554,14233177.302392147,0.0,0.0,0.0,0.0,False
gVLAD,0x23ad4067af541ee28c7f5c69eff348139beb7bd8,13135278.482957639,15764062.466986705,0.0,10659.506193866502,3264623.780957791,0.2069528570144151,False
gVLAD,0xd4212a904edd2161c9deadaecca73511034421e9,12160353.669807032,12185351.2931136,0.0,0.0,0.0,0.0,False
gVLAD,0x59e7274df87cf4719e1630441edaa69f278d7b28,10886199.263853364,13297595.304811684,0.0,0.0,2411396.040958321,0.18134076016629613,False
gVLAD,0xafdaf45671d6a2837181b9ac08e14eb76842225c,10676260.42602456,9140350.052767329,0.0,416439.98088598886,0.0,0.0,False
gVLAD,0x7396f3ff78596082a1fca3fd3d0e7e946c776c1d,10497102.83651795,10521043.36072087,0.0,0.0,0.0,0.0,False
gVLAD,0xa94d2eb35b6d9e2c3c9e53ac83d263d4d2f21137,10265664.883853555,13968453.52038489,0.0,418375.4201540625,4266179.9875749005,0.2965337257575736,False
gVLAD,0x83a7a0f0d724e22cfe8463b41c1d959baca13c88,10182951.368516268,4618834.97018598,0.0,5730594.562979773,0.0,0.0,False
gVLAD,0xacda0bb0273b3481be1f56f79c9647b9ce02049b,10017486.588250369,19392935.96471621,0.0,5025171.500094698,14498343.385070514,0.5937537708835203,False
gVLAD,0x14d0e095b6f36007e4b1d0a32740d8187a2633dd,9780328.144732298,8050183.549859875,0.0,1730144.5948724234,0.0,0.0,False
gVLAD,0xce7263b5af8331c3baa620db93b44522d5982e35,9764644.733374903,8874269.65037364,0.0,196285.31084233284,0.0,0.0,False
gVLAD,0xec544c04d4416b4e49d330d42807d1ef3aa49ef7,9575462.111207945,308841.85143044713,0.0,9266620.259777498,0.0,0.0,False
gVLAD,0x85d26724d4447a85ec1089b0a572c97f1ad476f3,9539595.514139561,9319385.068644237,0.0,0.0,0.0,0.0,False
gVLAD,0x3d88e544492f842a90046cbf37d689b331af6e6c,9198049.706620183,2181482.0472612632,0.0,8909856.37765655,0.0,0.0,False
gVLAD,0x0db1f475e841948777eaaa6519efeb6e4d01648c,8599890.144126646,6639321.0134518575,0.0,1039982.0314356097,0.0,0.0,False
gVLAD,0x861c31f70fb2c533a7a607f999fe26caa6fc8194,8500454.35297899,7995151.018316932,0.0,0.0,0.0,0.0,False
gSPEED,0xfb1a9a437ca56f0393c416d52491bd7af6c9baca,2000.0000006537966,7498.805787198106,0.0,9.29859e-13,2498.7993340000003,0.33322630361569405,False
gSPEED,0x1cca0855ea168426ffa62c4d514b296df11dec52,1587.6818459900792,1587.6857228650358,0.0,2.93135e-13,0.0,0.0,False
gSPEED,0x94fb21bbfaed8927570a2d41af0c21527efbfd81,742.7356048294835,0.0,0.0,745.7369756939058,0.0,0.0,False
gSPEED,0x83a7a0f0d724e22cfe8463b41c1d959baca13c88,465.94223464754174,474.1233396615355,3.0,75.31312018628824,0.0,0.0,False
gSPEED,0x970cf6a69abae1ba3f4ab33a01e046294decd991,327.0265933819146,327.0265933819146,0.0,0.0,0.0,0.0,False
gSPEED,0xe5e382b6bab6ee8e12d45d1f8e70f8416b122dc2,272.35275493171747,405.7599090164989,0.0,0.0,132.18451758202195,0.32577027607882053,False
gSPEED,0x2f04ed87b5ac8b703565469311341b0b44e315d7,264.91745168980367,74.60895814428056,0.0,190.3084935455231,0.0,0.0,False
gSPEED,0x0db1f475e841948777eaaa6519efeb6e4d01648c,249.99998655699125,545.043135812472,0.0,0.0,271.3424531879617,0.4978366579802595,False
gSPEED,0xfaafa73b0f818729b3120e562dd8f20cb2be587e,226.54186063961873,184.70907620194794,0.0,0.0,0.0,0.0,False
gSPEED,0x32d629435e9651a4d868b7319d1d33774fc65ea1,223.54781832473267,580.5036874468883,0.0,0.0,356.95586912215566,0.6149071519116137,False
gSPEED,0xaa0c108fb1c9eee30d1bd52b2d73ef215155ecc1,217.2084934661994,217.2370540977054,0.0,0.0,0.0,0.0,False
gSPEED,0xa9267eee027905576a09e8410fc889d63dede3a4,213.76060791206484,213.76060815258674,0.0,0.0,0.0,0.0,False
gSPEED,0x2d6210d50f3cfbd4ad08b0d77851bed6df6a0f00,207.03708891274644,269.8005001489797,0.0,0.0,62.7634112362333,0.23262896548218517,False
gSPEED,0x2801ff0c34ca2a509631df6a9d7365b86e0782aa,200.3553641406636,254.35536414066362,0.0,0.0,54.0,0.2123014003751732,False
gSPEED,0x06de9c48b1e639ed5c13ec8fbd4080a38e39f2d1,200.0,116.23324513938311,0.0,338.08029816677475,254.31354330615787,0.5597753953259946,False
gSPEED,0x3d88e544492f842a90046cbf37d689b331af6e6c,200.0,0.0,0.0,252.62584041702576,52.625840417025714,0.20831535020389383,False
gSPEED,0xe7b696dcb50c12c9d107a9d2f99ee35cfbdc7260,180.0,376.18262881154783,0.0,0.0,192.78242690115383,0.5124703060058894,False
gSPEED,0x990f8e728b2f971cb3a53ae70dddd223f4cdd338,153.1034259707589,153.1065666754519,0.0,0.0,0.0,0.0,False
gSPEED,0x2392591009f80b4582401e7540a1192aa8b917cc,146.91434715205628,1582.217068468119,0.0,185.00000000000048,1582.9999720071464,0.8957586480190245,False
gSPEED,0x7c7476762a112e4397658d888956f3d140e19a9b,144.18740137554698,167.94934366756203,0.0,0.0,17.70125,0.10539636305478962,False
gJENSEN,0x83a7a0f0d724e22cfe8463b41c1d959baca13c88,14377847.557758346,13981689.074378379,0.0,531331.7118504761,0.0,0.0,False
gJENSEN,0x7dbfd9a93914eb9027b52c504be33cfbe4b380bc,13607305.54404038,53675404.8233657,0.0,0.0,40104231.896082774,0.7471621691174428,False
gJENSEN,0x2801ff0c34ca2a509631df6a9d7365b86e0782aa,12907917.357277647,12705035.657277647,0.0,202881.7,0.0,0.0,False
gJENSEN,0x89c2f9c465372852d9724f4688d8c7d000db2c39,11625980.614694625,13208600.405233359,0.0,0.0,1582619.7905387345,0.11981737216546329,False
gJENSEN,0xafdaf45671d6a2837181b9ac08e14eb76842225c,10060557.847006045,12179383.340032987,0.0,0.0,2118825.4930269425,0.1739682079028152,False
gJENSEN,0xb8b60d295e7b69ea01df49e24a268da0692cbedf,8548910.568345662,41459031.59287637,0.0,485734.79500000004,33438944.84651234,0.797213758143077,False
gJENSEN,0x3c3553648dd4613585af4a26d2466bd870542547,8142157.325796252,1767261.4176309714,0.0,8854022.094674,2479126.18650872,0.2334111676462267,False
gJENSEN,0x2262f157b47a59133817a97d7dd1cacd26ba307b,7990000.0,0.0,0.0,8000000.0,10000.0,0.00125,False
gJENSEN,0x696cba91fdc752171f7bb0a8e689c13212c77e03,7579310.62124995,8389822.502657192,0.0,0.0,810511.881407243,0.09660655885753731,False
gJENSEN,0x0db1f475e841948777eaaa6519efeb6e4d01648c,7500000.000028717,22570358.330817696,0.0,0.0,15233601.063127516,0.6749383789059065,False
gJENSEN,0xd4212a904edd2161c9deadaecca73511034421e9,7439639.366217615,7439639.366217615,0.0,0.0,0.0,0.0,False
gJENSEN,0xec544c04d4416b4e49d330d42807d1ef3aa49ef7,7076462.602816516,70721.12503850418,0.0,7005741.477778011,0.0,0.0,False
gJENSEN,0xa25fb7118f32e9dca8dfa41720aa99b529d50260,6869861.479233665,7088102.615942373,0.0,0.0,249282.8613518803,0.035169194756181986,False
gJENSEN,0x06de9c48b1e639ed5c13ec8fbd4080a38e39f2d1,6476469.367362975,6311228.749362975,0.0,165240.618,0.0,0.0,False
gJENSEN,0x06845ad055d85dfec55d7a126cd8fea30e784c01,6190439.250602645,6163417.113262683,0.0,0.0,0.0,0.0,False
gJENSEN,0x0c99772d1b0310ab485b943433067836cdbf7355,5936569.013309049,6235828.761653461,0.0,0.0,299259.7483444112,0.04799037301740483,False
gJENSEN,0x235ebe04b6314496a977c62872b071b10e6a7a89,5607547.32662655,0.0,0.0,5902681.396449001,295134.06982245,0.049999999999999996,False
gJENSEN,0x94fb21bbfaed8927570a2d41af0c21527efbfd81,5456459.846564733,0.0,0.0,5456459.846564733,0.0,0.0,False
gJENSEN,0x57eed9f91c9ef8f2d5547115df7c50f6a490d604,5455412.412703292,5455412.412703292,0.0,0.0,0.0,0.0,False
gJENSEN,0x23ad4067af541ee28c7f5c69eff348139beb7bd8,5386212.352067582,5366390.651455951,0.0,0.0,0.0,0.0,False
gELON,0x83a7a0f0d724e22cfe8463b41c1d959baca13c88,3242.8621629943373,3372.1949887101714,0.0,0.0,0.0,0.0,False
gELON,0x7f0d0db7fde96ae1f82ec4e8c0ac9001520cf6e0,2700.889400718225,1533.8495937407106,0.0,1169.4613926692218,0.0,0.0,False
gELON,0xb8d5da4e2afb4e6c7ab0f5576b4a7a3473379741,2311.6058108551933,3143.0738413325266,0.0,0.0,68.2642713011572,0.021718952448223777,False
gELON,0xec544c04d4416b4e49d330d42807d1ef3aa49ef7,2203.6241088895486,0.0,0.0,2203.6241088895486,0.0,0.0,False
gELON,0x7b2adeee812f2fde59a60ccd958226d1c9c82694,2096.7598135288376,2217.6954907175896,0.0,0.4650619684789603,126.42744606952391,0.056996526205656005,False
gELON,0x2801ff0c34ca2a509631df6a9d7365b86e0782aa,2087.396489090921,3137.396489090921,0.0,0.0,1050.0,0.3346723959343257,False
gELON,0x4603fe6e2382da1bbfbb97e930d609524e3537d5,2076.56198298651,2370.3077000078974,0.0,30.0,29.437047471,0.012263864116631025,False
gELON,0xc41e26ff45f98413efaf97cc90db800678451dec,1945.535335222999,1945.535335222999,0.0,0.0,0.0,0.0,False
gELON,0x888a5fc107492417dd38a995bab1fb138890cc1a,1810.3300045849078,1794.1218409338146,0.0,0.0,0.0,0.0,False
gELON,0x03bed7ba85d4b9c09d06bbc589b61eeedcba06c5,1794.372549889089,1794.372549889089,0.0,0.0,0.0,0.0,False
gELON,0xa9088d92c8095cb5c494d2b62859106d66aa2df4,1718.7806840103933,1719.8385712866805,0.0,0.0,4.774390788917759,0.002776069143132338,False
gELON,0xa8eda386a9818fd10567ee46a0a80fd4d833a385,1697.1867181128714,1697.8656591401057,0.0,0.0,0.0,0.0,False
gELON,0xe0ab8197d24de3bf308e1ec8959feb9c38e99a44,1626.6475038202464,0.0,0.0,0.0,38.00586450758014,0.0,False
gELON,0x06845ad055d85dfec55d7a126cd8fea30e784c01,1616.1523356069342,1616.1523356069342,0.0,0.0,0.0,0.0,False
gELON,0xe7b696dcb50c12c9d107a9d2f99ee35cfbdc7260,1500.0000000000002,2218.891117858616,0.0,1916.6839462961875,2248.8256471791033,0.5437758019847961,False
gELON,0x1654b7ea307d2c3214fc7c7fe35b4bd214594b27,1495.584124407077,1525.300217753088,0.0,0.0,0.0,0.0,False
gELON,0x23ad4067af541ee28c7f5c69eff348139beb7bd8,1484.9202128010731,44.85054518345039,0.0,143.45183841164217,0.0,0.0,False
gELON,0x2392591009f80b4582401e7540a1192aa8b917cc,1272.1962174475682,1272.7862459162095,0.0,0.0,0.0,0.0,False
gELON,0x69d6b24339adbd8188b69b98d4c53480456a0d85,1168.2234660746838,1168.2234660746838,0.0,0.0,0.0,0.0,False
gELON,0x0db1f475e841948777eaaa6519efeb6e4d01648c,1165.1440039736087,1142.6087782649054,0.0,0.0,0.0,0.0,False
gVITALIK,0xfb1a9a437ca56f0393c416d52491bd7af6c9baca,4556.198167471182,0.0,0.0,4556.198167471182,0.0,0.0,False
gVITALIK,0xb8d5da4e2afb4e6c7ab0f5576b4a7a3473379741,3990.690751977396,3691.0338785233785,0.0,307.8013503150387,0.0,0.0,True
gVITALIK,0x1cca0855ea168426ffa62c4d514b296df11dec52,3616.8965574312733,0.0,0.0,3616.8965574312733,0.0,0.0,False
gVITALIK,0xec544c04d4416b4e49d330d42807d1ef3aa49ef7,2140.917936562955,0.0,0.0,2140.917936562955,0.0,0.0,False
gVITALIK,0xd4212a904edd2161c9deadaecca73511034421e9,2000.0049869693612,3092.6949869693613,0.0,0.0,1092.69,0.35331321213501393,False
gVITALIK,0x2392591009f80b4582401e7540a1192aa8b917cc,1726.3897258283716,1357.9654635229551,0.0,377.27870208963844,0.0,0.0,False
gVITALIK,0x888a5fc107492417dd38a995bab1fb138890cc1a,1614.4938398969573,1248.8419506707187,0.0,366.74313101365357,0.0,0.0,False
gVITALIK,0x94fb21bbfaed8927570a2d41af0c21527efbfd81,1300.2877613276914,0.0,0.0,1300.2877613276914,0.0,0.0,False
gVITALIK,0xe24936e883d5d986e3c56512f59c4675a004db2e,1180.0,0.0,120.0,1560.0,0.0,0.0,False
gVITALIK,0x65e51a6f396599558e647d7e4d8e6e6ca6ee4a9b,1169.8777394722226,0.0,0.0,1169.8777394722226,0.0,0.0,False
gVITALIK,0xf27c10488b579e5bcd6ec8cc2922315c2d799c6f,1136.0000004384056,631.7155604387877,460.0,195.9165217667074,151.573249,0.117714719207975,False
gVITALIK,0xa25fb7118f32e9dca8dfa41720aa99b529d50260,1057.837888390008,2165.120078329097,0.0,0.0,1107.282189939089,0.5114183739839592,False
gVITALIK,0x2801ff0c34ca2a509631df6a9d7365b86e0782aa,1055.522940360544,2851.0550676311673,0.0,0.0,1795.5321272706233,0.6297781293864879,False
gVITALIK,0xd8bb42fb12a6660b0344fb84404fd60eec663e7e,1000.0000462120393,2745.462056857164,0.0,2.250399e-12,1016.4831544977001,0.3702411956336802,False
gVITALIK,0x83a7a0f0d724e22cfe8463b41c1d959baca13c88,982.5690620114933,17.527469758035107,0.0,965.0415922534582,0.0,0.0,False
gVITALIK,0x23ad4067af541ee28c7f5c69eff348139beb7bd8,974.5713005449675,974.5713005449675,0.0,0.0,0.0,0.0,False
gVITALIK,0x7ed482272e67d8149ce775aaa6ca128da2579552,955.4663589264172,390.000774702461,0.0,665.4655842239563,0.0,0.0,False
gVITALIK,0xb7850dc4b1cd9eb8303591a9e904f5c7c0719957,915.2871031901683,0.0,0.0,915.2871031901683,0.0,0.0,False
gVITALIK,0xc41e26ff45f98413efaf97cc90db800678451dec,890.5138192877494,890.5138192877494,0.0,0.0,0.0,0.0,False
gVITALIK,0x48b1381d9df262129474c527c525a74c30e4593d,881.2200481500066,287.88491129766,0.0,593.3351368523466,0.0,0.0,False
