wallet,symbol,minted,cards,ts,block,sold_usdc,n_sell,still_holding,sold_after,origin,what
0x83a7a0f0d724e22cfe8463b41c1d959baca13c88,gMBAPPE,10000.0,1.0,1785294899,49252776,616.2874240000001,2,10000.000000000002,False,Vaulted card,Sold 50% of tokens
0x83a7a0f0d724e22cfe8463b41c1d959baca13c88,gMBAPPE,10000.0,1.0,1785294909,49252781,616.2874240000001,2,10000.000000000002,False,Vaulted card,Sold 50% of tokens
0x83a7a0f0d724e22cfe8463b41c1d959baca13c88,gPULI,10000.0,1.0,1785294913,49252783,929.027064,1,6500.000000000001,True,Vaulted card,Sold 25% of tokens
0x9aa750c38c87c98cbc42529a213d10b8cab963b9,gMBAPPE,10000.0,1.0,1785294925,49252789,349.970524,2,0.0,True,Vaulted card,Sold the card via tokens (100%)
0x2392591009f80b4582401e7540a1192aa8b917cc,gPIKA,10000.0,1.0,1786459531,49835092,6575.323862,12,14463.267637004525,False,Vaulted card,Holding
0x77ee54a1647402b6d370705ea1e433a6b2ceb65c,gPULI,10000.0,1.0,1786711127,49960890,654.289171,2,3255.1064112374106,True,Vaulted card,Sold 67% of tokens
0x77ee54a1647402b6d370705ea1e433a6b2ceb65c,gMBAPPE,10000.0,1.0,1786711153,49960903,335.185391,2,0.0,True,Vaulted card,Sold the card via tokens (100%)
0x453bc807bd51a4f62401fc599583422a2404736a,gPULI,10000.0,1.0,1786715725,49963189,457.20381599999996,6,0.0,True,Vaulted card,Sold 76% of tokens
0x453bc807bd51a4f62401fc599583422a2404736a,gMBAPPE,10000.0,1.0,1786715737,49963195,253.793232,4,3000.001088627584,True,Vaulted card,Sold 70% of tokens
0x4603fe6e2382da1bbfbb97e930d609524e3537d5,gMBAPPE,10000.0,1.0,1786718493,49964573,69.909471,1,10029.423624864125,False,Vaulted card,Holding
0x453bc807bd51a4f62401fc599583422a2404736a,gCADE,10000.0,1.0,1787153953,50182303,1664.617181,2,0.09249145023750316,False,Vaulted card,Sold the card via tokens (100%)
